# Jay's own words: English that Jay wrote, dictated, heard or picked for one line. No pass
# rewrites them -- not a whole-game run, a revision, a review's applier or a sweep -- without
# Jay; a finding against one goes to him. Format and what counts: translation/README.md §
# locked.tsv. Licence: CC BY-SA 4.0.
#
# id <TAB> match <TAB> words <TAB> whose and where from
id	match	words	source
# --- Jay's process review, 2026-09-21 (commit 73d7fb7)
# Superseded in this fork by the owner-approved human pilot, 2026-10-09.
# Historical lock: E0171.1	phrase	somewhere this rural	Jay, 2026-09-21 (73d7fb7; glossary satoyama); lost to the TRN-10 run, restored 2026-09-25 (TRN-18)
E0175.0	phrase	This is the Sorano house, and I'm your Uncle Yusaku.	Jay, 2026-09-21 (73d7fb7); lost to the TRN-10 run, restored 2026-09-25 (TRN-18)
E0107.2	phrase	bug-collecting kit	Jay, 2026-09-21 (73d7fb7; glossary: "insect-collecting" read as stiff)
E0113.1	phrase	bug-collecting kit	Jay, 2026-09-21 (73d7fb7)
E0114.1	phrase	a bug-collecting kit	Jay, 2026-09-21 and 2026-09-22 (73d7fb7, 288666f)
E4027.0	phrase	Bug-collecting kit	Jay, 2026-09-21 (73d7fb7)
E0341.0	phrase	harusame salad	Jay, 2026-09-21 (73d7fb7: it stays Japanese)
E0341.4	phrase	A cafeteria without harusame salad?	Jay, 2026-09-21 (73d7fb7); lost to the TRN-10 run, restored by 931e0bb
E0540.1	phrase	Great Luck	Jay, 2026-09-21 (73d7fb7: the fortunes capitalised as names)
# --- Jay's play notes, 2026-09-22 (commit 288666f)
E0202.5	phrase	captain	Jay, 2026-09-22 (288666f: "captain", not "monitor")
E0202.7	phrase	water it every day	Jay, 2026-09-22 (288666f)
E0202.8	phrase	captain	Jay, 2026-09-22 (288666f)
E0220.9	phrase	captain	Jay, 2026-09-22 (288666f)
E0302.5	phrase	captain	Jay, 2026-09-22 (288666f)
# --- Jay's glossary review, 2026-09-23 (QUESTIONS.md Q4, Q12; commit b1c8718)
E0174.1	phrase	That was a long trip. You did well.	Jay, 2026-09-23 (QUESTIONS Q12: no em dash)
E2303.7	phrase	Spring, Showa 17	Jay, 2026-09-20 (QUESTIONS Q10.2: "'Showa 17' is what someone back then would write")
E0541.7	phrase	that scaredy-cat Specs	Jay, 2026-09-23 (QUESTIONS Q4: Specs; yowamushi is scaredy-cat)
# --- Jay's ear on the voice clips, 2026-09-24 (VO-05; commit 23b8392)
E0305.0	phrase	Asosan Minami	Jay's ear, 2026-09-24 (VO-05)
E0305.0	phrase	Chigi	Jay's ear, 2026-09-24 (VO-05)
E0305.1	phrase	Otafuku	Jay's ear, 2026-09-24 (VO-05)
E0305.2	phrase	Ryuhyo	Jay's ear, 2026-09-24 (VO-05)
E0305.3	phrase	Nagoya Daimyo	Jay's ear, 2026-09-24 (VO-05)
E0305.3	phrase	Okinawa Kaisen	Jay's ear, 2026-09-24 (VO-05)
E0305.3	phrase	Gushiken	Jay's ear, 2026-09-24 (VO-05)
E0305.4	phrase	Asosan Minami	Jay's ear, 2026-09-24 (VO-05)
E0305.4	phrase	Chigi	Jay's ear, 2026-09-24 (VO-05)
E0305.4	phrase	Otafuku	Jay's ear, 2026-09-24 (VO-05)
E0305.4	phrase	Ryuhyo	Jay's ear, 2026-09-24 (VO-05)
E0305.4	phrase	Nagoya Daimyo	Jay's ear, 2026-09-24 (VO-05)
E0305.4	phrase	Okinawa Kaisen	Jay's ear, 2026-09-24 (VO-05)
XCH.45	phrase	Tsukiyono	Jay's ear, 2026-09-24 (VO-05)
M27	phrase	specks of light	Jay, 2026-09-24 (decisions § 22: "specks of light" stays)
M27	phrase	and somewhere in this world a god at his wits' end, | unable to manage them any longer,	Jay, 2026-09-24 (decisions § 6: the four fast cues keep their wording)
M27	phrase	and, with a child's innocence, sketching his dreams | of the world that would come next...	Jay, 2026-09-24 (decisions § 6: the four fast cues keep their wording)
M27	phrase	and from that day until | the end of summer vacation,	Jay, 2026-09-24 (decisions § 6: the four fast cues keep their wording)
M27	phrase	to ease the burden on my mother, | who was in the last month of her pregnancy,	Jay, 2026-09-24 (decisions § 6: the four fast cues keep their wording)
# --- Jay's decisions page, 2026-09-24 and 2026-09-25 (work/review/decisions.html, by section)
exe@8003DA00.4	line	Ending	Jay, 2026-09-24 (decisions § 5; 3ab5eb3)
hhon@5328.60	line	Vacant	Jay, 2026-09-24 (decisions § 5; 3ab5eb3)
exe@8003D5F0.3	line	The MEMORY CARD has no free blocks.	Jay, 2026-09-24 (decisions § 8b; 0ea50a8)
exe@8003DA00.1	line	Specimens+Cage	Jay, 2026-09-24 (decisions § 9b; 0ea50a8)
rec@FS_WAL.fish	line	fish	Jay, 2026-09-24 (decisions § 10.1a)
rec@FS_WAL.bait	line	Bait (Worm)	Jay, 2026-09-24 (decisions § 10.2a)
rec@FS_WAL.bait_float	line	Bait (Worm) + Float	Jay, 2026-09-24 (decisions § 10.2a)
rec@FS_WAL.tenkara_small	line	Tenkara (Small Fly)	Jay, 2026-09-24 (decisions § 10.2a)
rec@FS_WAL.tenkara_large	line	Tenkara (Large Fly)	Jay, 2026-09-24 (decisions § 10.2a)
rec@M_S01100.caught	line	Caught 8/	Jay, 2026-09-24 (decisions § 10.3b; 431e70d)
rec@M_S01100.won	line	W	Jay, 2026-09-24 (decisions § 10.4a)
rec@M_S01100.lost	line	L	Jay, 2026-09-24 (decisions § 10.4a)
rec@M_S01100.value	line	Worth as many as	Jay, 2026-09-24 (decisions § 10.5b; 431e70d)
E2515.0	phrase	 / 	Jay, 2026-09-24 (decisions § 12a: the tanka keeps its " / " slashes; the words are the translator's)
E2515.4	phrase	 / 	Jay, 2026-09-24 (decisions § 12a: the tanka keeps its " / " slashes; the words are the translator's)
E2712.0	phrase	 / 	Jay, 2026-09-24 (decisions § 12a: the tanka keeps its " / " slashes; the words are the translator's)
exe@8003D2E0.23@exchange	line	Miyama Stag	Jay, 2026-09-24 (decisions § 14; 5e9a924)
exe@8003D2E0.24@exchange	line	Giant Stag	Jay, 2026-09-24 (decisions § 14; 5e9a924)
exe@8003D2E0.26@exchange	line	Little Stag	Jay, 2026-09-24 (decisions § 14; 5e9a924)
exe@8003D2E0.27@exchange	line	Saw Stag	Jay, 2026-09-24 (decisions § 14.1; 28302d0)
exe@8003D2E0.28@exchange	line	Red-leg Stag	Jay, 2026-09-24 (decisions § 14.1a; 28302d0)
exe@8003D2E0.30@exchange	line	Rhinoceros	Jay, 2026-09-24 (decisions § 14; 5e9a924)
btn@PK_ITM.footer	line	Have a healthy summer!	Jay, 2026-09-24 (decisions § 15; 431e70d)
tex@OTI.production	line	Production and Copyright	Jay, 2026-09-24 (decisions § 16a)
btn@SUB.belongings	line	Stuff	Jay, 2026-09-24 (decisions § 17; 431e70d)
btn@TZICON.make_this_kite	line	Make	Jay, 2026-09-24 (decisions § 17; 431e70d)
btn@MZ02.remove_specimen	line	Take // Out	Jay, 2026-09-24 (decisions § 17.6; 431e70d)
btn@MZ02.prev_page	line	Prev	Jay, 2026-09-24 (decisions § 17.8e; 680ab30)
btn@MZ02.next_page	line	Next	Jay, 2026-09-24 (decisions § 17.8e; 680ab30)
btn@PK_WAL.belongings	line	Stuff	Jay, 2026-09-24 (decisions § 17.9; cc6adb4)
exe@8003DA00.3	line	Stuff	Jay, 2026-09-24 (decisions § 17.9; cc6adb4)
exe@80029B20.12	phrase	stuff	Jay, 2026-09-24 (decisions § 17.9; cc6adb4)
nikki@NIKKI_001	phrase	I'm staying at Uncle's house	Jay, 2026-09-24 (decisions § 19b; bc833d0)
nikki@NIKKI_013	phrase	Uncle's Pond	Jay, 2026-09-24 (decisions § 20b; bc833d0)
tex@M_C15.0	line	High tide	Jay, 2026-09-24 (decisions § 3; 86cb8a7)
tex@M_C15.1	line	No swimming	Jay, 2026-09-24 (decisions § 3; 86cb8a7)
tex@M_I14000.note	phrase	guy	Jay, 2026-09-24 (decisions § 21 G8-I14: "guy" confirmed)
btn@MITIM.take_out	line	Take	Jay, 2026-09-24 (decisions § 21 G8-MITIM: "it should just be 'Take'")
btn@M_S01100.swap	line	Trade	Jay, 2026-09-24 (decisions § 23b; 06f4c4f)
btn@M_S01100.trade_plate	line	Trade	Jay, 2026-09-24 (decisions § 23b; 06f4c4f)
tex@M_S01000.0	phrase	Trading	Jay, 2026-09-24 (decisions § 23b: the cover keeps "Trading", the balloon and plate match it)
btn@MITIM.rare	line	Wow!	Jay, 2026-09-25 (decisions § 24b; 319f0c2)
# --- Jay's reading of the whole translation, 2026-09-27 (TRN-04, TRN-19)
E0140.7	phrase	pronounced	Jay, 2026-09-27 (TRN-19)
E0177.1	phrase	pronounced	Jay, 2026-09-27 (TRN-19)
E0179.0	phrase	pronounced	Jay, 2026-09-27 (TRN-19)
E0710.23	phrase	Boku Kite	Jay, 2026-09-27 (TRN-19)
E0710.38	phrase	Boku Kite	Jay, 2026-09-27 (TRN-19)
exe@800461CC.7	phrase	Boku Kite	Jay, 2026-09-27 (TRN-19)
tzkan@7.name	phrase	Boku Kite	Jay, 2026-09-27 (TRN-19)
E0753.0	phrase	strong bugs	Jay, 2026-09-27 (TRN-19)
E2205.3	phrase	cho-tie	Jay, 2026-09-27 (TRN-19)
E2205.4	phrase	A cho-tie? A trillion ties?	Jay, 2026-09-27 (TRN-19)
E2514.9	phrase	see what's been fired	Jay, 2026-09-27 (TRN-19)
E1706.1	phrase	oobly-boobly-bon	Jay, 2026-09-27 (TRN-19)
E1706.3	phrase	oobly-boobly-bon	Jay, 2026-09-27 (TRN-19)
E2330.3	phrase	oobly-boobly-bon	Jay, 2026-09-27 (TRN-19)
E2430.5	phrase	oobly-boobly-bon	Jay, 2026-09-27 (TRN-19)
E2530.5	phrase	oobly-boobly-bon	Jay, 2026-09-27 (TRN-19)
E2630.7	phrase	oobly-boobly-bon	Jay, 2026-09-27 (TRN-19)
E2730.3	phrase	oobly-boobly-bon	Jay, 2026-09-27 (TRN-19)
exe@80046214.6	phrase	Oobly-boobly-bon	Jay, 2026-09-27 (TRN-19)
E2120.0	phrase	20/5	Jay, 2026-09-27 (TRN-19)
E2440.2	phrase	20/10	Jay, 2026-09-27 (TRN-19)
E3042.3	phrase	You. Pip. Squeak.	Jay, 2026-09-27 (TRN-19)
E0402.12	phrase	Bye-yoyooon!	Jay, 2026-09-27 (TRN-19)
E1404.16	phrase	Bye-yoyooon!	Jay, 2026-09-27 (TRN-19)
E1960.6	phrase	life-on-Mars	Jay, 2026-09-27 (TRN-19)
E1962.1	phrase	life-on-Mars	Jay, 2026-09-27 (TRN-19)
